Nar Size;Nar Name
12460;0m025p56wclp8n71ry3g0iz1xxx5gdj46zxy22591xpnjypzxl0z.nar.xz
2980;0bcpwwrxq3979vcs4pvvz5j24a8zhhwn657bsb0ijbcdwzyib2h8.nar.xz
112;0pnvk2wyap9pdclvb8fw8sb3hshazbvr05hxx42rdslbzqdi1lcp.nar.xz
3528;07wkgrrpgikdgyxygikvxkasyy5c7m7vcv43lpp44xrx1dz16vgk.nar.xz
328;1cxw7vfkdng11c4bpj00h87i8r4yqblncspnmxqj1jp0l75gm0ni.nar.xz
768;02bmnhdryw8crfg011y24kvb8p0d5ln1mksrhs02z96x1i4k0z0x.nar.xz
264;0yj4qg2jf7hpqqjx6f8nbhd2mhf76bhkkiq9r6hc1yzlpciy2y8n.nar.xz
4224;1kz97k6fa93kd7s5pzk9k3vd8svzxaw0h82n6zyf676hx4w6dh4i.nar.xz
436;0cmx167z3dvjdfh82krl99kha4cvxng8na4k80fh9l8hachfa3br.nar.xz
228;1x05nnys1mnxj605pb5lymn3agvqq7s3rqbnp19kb545parbl1lp.nar.xz
148;0as7g6m50vrqf08jmlj7rnm26dw2gf1pglv2p2s1v09h28gy2mbv.nar.xz
332;1qv1l5zhzgqc66l0vjy2aw7z50fhga16anlyn2c1yp975aafmz93.nar.xz
508;1b6vd4a81r43z9vjipm7cfqyvs6flmaw0jw3sadfnlf2mq8sgzzj.nar.xz
348;1wq2y68bc2yrlqkif916b69f6wyjgdzpf78k48nsfj90pnqgchrv.nar.xz
252;0c0qv0h9x75mgql7k94cjxl9ca7vm79kdv4zbq4bn0s37c9kq6f3.nar.xz
256;0iag9xsrgsgairns3zqbnimm3fs7n104mzjdrdp6y9wjj1ljvggj.nar.xz
772;03s2012w6569s18kdm2nzxmwdnfim4cz5kwmi6888kf3v83aghwk.nar.xz
184;016s0pdz3qbgwyc2g1dwhsjh5jvqjp7xfgfs2d8wdagvp5kd7865.nar.xz
124;0593r8argg5rycvnhxgrgl3c7b7pwk498802a4lawbkwm8hma5nn.nar.xz
504;0f3xdphcaq22s2ip2hx7nc5frqacn2fqp5c68914scwjv09jp2hd.nar.xz
152;0j5ldia47adcy5rpdcwjkwv7ic3knzsfcbs0djghsn618y4qbjla.nar.xz
136;0qkw1lgf8mbfdvnvwg7sz7l7cga96fk7swx1zrf1xsa77fmx6345.nar.xz
220;0wp9a5mw1sz61xmsynhd33az57vwb9cg3j05rzph0bbh1hihanq1.nar.xz
156;0bv76lia7qmv5bfyn2zxj30jia5d7rm2lwlag9dxgibz99dwgg1p.nar.xz
178152;0zp1hzyzjs3h8zfgam1ijqc1cim7fy4pq8a71zpm5qrahidp5ai8.nar.xz
236;1vlgpq24v07brpynzql387w3l9iqsyg3brnczms52f2q9f7mf4iy.nar.xz
140;1d8fi1miwr82dpxh3nj8wqqcr10n695qakwjyin9jhljqaxsx4c4.nar.xz
200;17v56qpjq45any3yy8gwa4q6faqd12wyg5dlarmg1s2kr3f0b89f.nar.xz
192;14zgsg9m8xrwcvzdhavsd6dfss8km9x8za9mn1frnanja69yqyh0.nar.xz
200;103816hg0ad18rbj3a9xyj224q6iqj1009xpnjccmvjc0m6awv9l.nar.xz
160;1bigjx9s83gkyqmf78hw5sy69gdav0vl43v7zbgny53zq97g0a4z.nar.xz
1264;181iaz4vbvii0y5j8phapjvrk01jlr7kggqzkvq1ynnrz3ylbrd8.nar.xz
160;0z2c0l76ls5ac0p95g2gz2f6i6vpv0j7x8rf1vy9p95yw0waffav.nar.xz
180;06b6hdymxa34lw73j9yhdsv541adi9v24s949zqfk6vi722a5xyr.nar.xz
136;0dgwbdl8xgps4mgp9s963hskg21d4903vrqy9zmnzf73hiq2m5iv.nar.xz
1228144;0f8hb3kr5hfp03yahsm3ynw95bbll8n2hxjg6acsm0szzw48c80g.nar.xz
136;175sm5k0a829sygjv4n8diabwwv30jp2v8s66i91cd53hy6ygax6.nar.xz
456;10avvagzgv19x9p4gypqzp2gcmvq3qgn9gx78rzg8fdn21i10szq.nar.xz
1508;0y7n1igac8y3zlvqb51qkq91k96mcshmn011d7nv55jlqy9r0wz0.nar.xz
149060;1xn014v5j6ph1x8qakz6c428mwjdczn9amr600w7b62k5lqrhcym.nar.xz
134676;0bgmqxyvph1cb8n70i8d48zainayjvxm4snjzi7bjsn9cvs08jk0.nar.xz
1684;102mv1xdxlw9fdn6w5kwshk0xdcb5k0cpgyl0irj9klgh4hp2lhz.nar.xz
4672;06hc12yxdr0pz90jndv5r78i4dkdl31yprrph17safpiyyv358qg.nar.xz
2668;1b2x31acfm9v3a74dkl87y0knxq0a4qhw4sdbq9x7jz3k070qi8g.nar.xz
6452;00rbrmkczai7zy8hsx0ngfmigjs7s3vjx5r893nac8s5r3inq5rd.nar.xz
78368;1ms9lrd2dqci0z9q0dll47n6sk0mvh9fgg8ra3r0x9904l7v2gpx.nar.xz
200;0krsjr26mflkdd1986jj2y86wk1ihc3qva9w09yxfish7k6kv0f6.nar.xz
72754608;0nhkvq6mkkglyahy3vnz5p7y72n5zazq0h4x3s1irxr0h2b8bkq9.nar.xz
35900;16bp601pq0a02x83z5ckdvf0r7r225aipz2r2fwghmlsx9qsk8dd.nar.xz
148;04z61ihjm0qgi3nqpzfk56fq2q6xgidv04rm86178x3ifi7728mv.nar.xz
132;1q97yr6xnhjvjnl5ihwbc001pqwv9nvggmy7b6y62ll5m3ympb91.nar.xz
292;1nawkkldrifif5sjxrwisvh3z13ld0zz0p1m1w4bgn1za3jga4kd.nar.xz
248;19zrmidlgb77b06jw7fq82r5mmzk7pws674khi4yjkwkl5zjaiwc.nar.xz
220;0gfs2mdl234nx4j79nsa8xlpwx4lnbfywvpkbmjsv1x8k2fsvdzs.nar.xz
124;1y58zw8bn7mvh2k4q43dsxd3rnvy99951ryl5ab2xff881xmmrq0.nar.xz
20944248;1aigbhcrbgr53g67gbv7cf0p6gcblq2246q2aqjm1m4nvv4g2khs.nar.xz
1663920;1knan6dy8w90zdfl0wxgkf084k5addkp7q0vpcrgsk7sy4ilv8ri.nar.xz
916;09g8idwnhd8sdjpsp5qf1iy06gr6vjllvxi41vb0dysrr7wymxy1.nar.xz
188;0h0zxjvvf4bz5h275gz8nsq5l0wnml9rh0l5522dzr3zy6hlgrks.nar.xz
676;0h5f5w3d3z17v0n6fppbk0jcz352sj6fb56bi8j4qv105bfm533r.nar.xz
656;1hd2p1wkg23gbxvldg90cn0a5my6lzx7cgbnqg576cmqkwg97vph.nar.xz
232;1w36khzhw1j64lns8hfd63bi7ljnbdglrzb3shnwjsihpyl5phg8.nar.xz
624;0ml913x8xdk6qpl7qmaz1k9ai2k42qlc6q21yfy2n9ns4gp77r9v.nar.xz
380;1f7adbpgj4rkk9s1fln1phjxmamam9bxycv0pn5wir7yigbp5vad.nar.xz
107784;1hjs57nz3pxjs4wvpsm0l20a3vdmv92y4xykh1qb1dzxw3nzslj3.nar.xz
119172;16bjxsmjvkaazicbikzna9icwslsbrcil82c0szr0bpmgjhk97x7.nar.xz
368;0n04583v8z65k7bnm8f9955afj6scl5xp780jcrv3kd6hpdrslyh.nar.xz
2008;10i5icpgyk03x87al4y4dkri5328p51wig57mpkxh76pym78cwfb.nar.xz
340;0vpqdln6zjg6qi97lcszpq55l3kyqhbjhq3w1l1ff9jzc7sqxbf9.nar.xz
1180;1qh0rlsdx43k1rvjlhykpg5zxzvvmwk2sqp5mycr8jqiskphyj6k.nar.xz
8332;0zr1smzx2xjs4c5jkjrbrqkp1nazxc6v6f8kilcjrkmpybi6f7as.nar.xz
3564;0bi1hx8dmcqgr2pisyi6v7y575rhahqhmx72fajm5mwhk6qmjcv9.nar.xz
8324;00jnpsr0f9hnw6h3gsi8p7bqyga4snmhnqh7shdp42kw11p8m4xl.nar.xz
190992;0bsdwjy29x2lx1rna0a1c8sli3y3ad12848c8x3w5lninjknbrww.nar.xz
24148;0vqd85rw0g9wspzvas6pmdyxzfmxhiz4rvdr4ssb14nw9p3qh9lv.nar.xz
5600;1npsj2j8p0yjrnr6cx5jyl9qxzykrll23wwnjzwzr650nay80m1d.nar.xz
29712;1v2f70hl47nxqgqqc967hc4f2v14h5gcipp10psslfpylcf29y5h.nar.xz
11456;1vs7r4fniaq4hhv7av73iv9hnxdcc0h5sbd6q9pjpq21bcgyrr58.nar.xz
128;1297inny1n3h1y3cdgm2ziibw7jwpc9y9819dfis1lwr2z74vhvl.nar.xz
228;03y8ggkx235i1n8m69zqnmcqspl1wwy1kr77asi9h38nqf8zs1jr.nar.xz
6488;04nrqp9bvgjcynr7sm39p9ax8h3ybl454hkg48w45f280j77vap0.nar.xz
584;0aq0b1iybq9gnfgbv049r68y1hba1xwcchqc4awl6qy0dwfzkdkw.nar.xz
196;06vkrc680ayb5scckdvf6h0ydx6hh4wnlqvwbn0hvgbahwvp1b8f.nar.xz
736;1r8vx8j3x3842wwcd1iv014abcy0lxga3704ra14ydqrz9xic392.nar.xz
440;14phf3a1m4v22s0ka4d5ldnipzb8mwz96i1dsqxqfjbf9zphz5p3.nar.xz
1360;0fczan9p7bg2x7mwpnbkxa9shxf8azj7k9zyqicyq5wiw5m5flfn.nar.xz
256;066n63axzngb5lg9d5v280ymfd4dj7lrq0qddqndk29v057x3cjj.nar.xz
636;0b3ygwkn2cicpk5shzaqdy73sw94rn59l4z1zmwwrjsm526xf11w.nar.xz
672;0mjfdb811r57qciavv1lp2ih5lnsjdm9pisj61slvd2bg07c664i.nar.xz
308;1bx7k23sbszgdz0l6vmj3gilxc6d4yfv38kgmg8413wncr5g3i27.nar.xz
304;0gj8qizkir2mfh26r30l2b9pvn5imh1wrd78dmr78lmrznav9pkv.nar.xz
736;1w1ah0wrj12fapdliny8wk2z6jgxq2kn13yvs2aci4akz1ik1mdp.nar.xz
640;0pf049znz8njz8lxx7mvfv2ifw0pwk5bq9647rgpayggy5vpm975.nar.xz
312;0zq62wbn6pbajvbd4955bb575g8wy2j0q6izkgizbwyi0q3bnf9w.nar.xz
268;1qamvl66mr1dz5l070r7hbcfn4cnmggfsyh2r0c3hwd59ka216hv.nar.xz
624;0jphy9xmc19s4smfvq5lrgz43i1ajx9186xms0vyv4i13fbd5v01.nar.xz
844;1a7wggh3fi3ccswp9df5b32vw0819yrcrv3mijd5aaf22xpqq3cs.nar.xz
616;14xxfb5898fgpcra0n9gnz0r0aihfzvh67bj1l21dlpmm7nn0d0p.nar.xz
316;102d9lcz5hlj9cfvpc0qad1dqip3syihvxs231db0zszl044nnhc.nar.xz
244;1znphsfj5d1lr2hhif3fjfsnwd5swaym94xcg585af53amn1m8rz.nar.xz
684;1ycif368nx63xrllrzffffqb405xhwsdbc83kq6sh168d08v5awx.nar.xz
308;02mfxgvb78qzizjxhwwsbam82g7pzrwv9885hpk1blf7xdc14pqv.nar.xz
556;195md8k1448nnlbl4r3m7s84m3cc7ihv4jkm9w2pflnhprkkwn0h.nar.xz
632;0wl0mfipk7lsk3z6z7kyf6n0bvl6q0j1f8fsx6qf9k8lssv76782.nar.xz
560;01cq5s4jjjbrkkl60dg1vf6gb1djv52r4j9b3rkn5dv4c8ybhpss.nar.xz
568;036sq512kzjl7gfkb3cbfqfgyvjjpgnnqlcqq5813w4xg1v03gwx.nar.xz
884;1l1kybjxgqs54z30ciym6015cz09vqp8pcjbhc2cmha8dl7a1n2q.nar.xz
476;1xry4i6gldzls9ghpqmx87da9c75nicg3g3alrn2f9j34g1vgi5n.nar.xz
456;1v6w5rcfyqxkm0wr4g2q5f7a3b84a8dfy7jccnn859qgnjzwgwcr.nar.xz
348;1dx5sk0mn5g78km7ci1l0ll1cvvwskxy9xypglqfj8j33q258481.nar.xz
200;0afmd1h49q7d655mjx75xvkhnyv26i5nj8bk5h5iqadkr6iqcbjv.nar.xz
204;1jmh3gmflygd3165jcfwh840nywr52vxbljnil5h7imrqszlhz1l.nar.xz
592;1d7d6xpfwlqmnb9rv114chyc6f04ll13jiykdwhlyigg87604xh0.nar.xz
608;083xkh7y0pws74hhc1wh8gp53vvqa7xiykca6w65djpz6sbwwq4p.nar.xz
212;127jnvaia2f63jwb85r7rj292n6gp44a0ib84l0ipfh9hylkmgsr.nar.xz
1008;1sp2rvg6jrqm8m093aph3pz3d452nzfx9aqg7qy11dp4iwjj61ay.nar.xz
688;1xswp8k3njq7g30fd8djjha8cqm4f2qan7y53lin1dmk71j64bps.nar.xz
396;0fph0a9z5dnzqgnyr0j57z0k1pnv4ql7vyx46wqbj1kcxkmhv671.nar.xz
956;0fq81ph34mldwi7bjzczgdbv3c1gd9vqba478f7a3aaqvajnbhfc.nar.xz
436;06qnf1szq7amnsi0x4g7a7xcc6vi0z23lpcmay7nk68qli3favmq.nar.xz
1968456;1k49gprjbiwd8skqyl6cxwfz2sa29nqq357piljhn5mvygiym8vb.nar.xz
154424;184cw0f5sssdwjli98ns70b25jndy27ya4g72l2cip6f72zzxj1a.nar.xz
1246592;1jrq7r7hk8b4zar4g1g3kikba3w8b5riv18vphakdmwgbzbmgsd9.nar.xz
1289668;0x9rkiin4cv0p37y4z7gycb5jal6sh6vrq1naxgjffq285pdvyck.nar.xz
58088;1s4n5x9fwswi13jyzz96hzxgybwh6l8akkc0q0g56swi4wph326j.nar.xz
167216;06jmvwln02d19194dzg1947vhf17dgdzh8dadmlvviv8qsb3cn4z.nar.xz
32060;0y3v3fzc0rdw1p4chlar4015fnpkpr2gwdrsi8cxds7wgdaqjmv1.nar.xz
206440;0issyv53vjxmyinka06f6b3mbls5zydxf7z1lrz0jy5k1dkypdzh.nar.xz
76300;0y3nz7gx885c475mrd1bhxs5xw2xaqn5h54wjfhpyxbfgzx3wnrr.nar.xz
84016;0xvrih9zx81hshqhvz4bmb8nr33hdx3kvlc9r4x9327dbq1ygb5k.nar.xz
6880;089nhd1ydzxn0zd19prs2ny1ipp70px8nrb01b53l1rhysgqhwqr.nar.xz
23716;052vqizw8ay238bcwvnm29hlp4g36glp6ws7557pcjqdvsfff36n.nar.xz
103032;1npi8zmdqhwi1hi10wqsxfxlc4az4pwfbss9ik86smwk75p2qff1.nar.xz
29864;0skbx9lywaham3aiz5dih70af709akvfbrf0jlrzdqq49p1sf6jw.nar.xz
7296;12wxdmqvn01garf5wn0x5a1912x0lw7nc0aqij3s4wdk9wysvk0v.nar.xz
635328;0pmkjl10l2dsv10kqj15jl85kjlrg8cy3chbcv1jiz3z5klznpnp.nar.xz
45956;0xpz0lw1kbbgnz6wcjhklki1i90ggrzfx13y4v5rqlqmpaffp89q.nar.xz
525756;0gnjpn5hyv34ifm6ka80lwr2cx7b84a8iy4595sxiy8k7546cxbp.nar.xz
149688;16bhdwm2r4hjggk9cdavbp8cryk40sx4mfpc28qa10d7maqxmycj.nar.xz
10596;09bzxxf5k5k3jggg1lb2qj3mgqphlsffx80h5hgsh4hy5r980lr5.nar.xz
2243572;0zc7kvr0s5s3f4hjaz0i04jil1xzxnsxjpzx3j68mp4cifgb4bys.nar.xz
1376452;0n7wsqbzk1gnl0fd6w0yc4jlcwcrwszp3fjbjsk1kzdd75cl641p.nar.xz
315400;083kddvrxrkpzrg2cxy05yll31g0nzzbc8arx5zfsx5ijr9i7mrg.nar.xz
7388;05fxmz9k6jq2p3n6x1jras9ahac5qln7nlimsas9cfd35mm1wnlw.nar.xz
55812;1knima6j096cjd5278cm9d1j5cckxnqj59y042qfsz6f4dgnkb5h.nar.xz
88928;1swb0q135sqwfcz6wwpj294zl1kjxrmjwrqcpsjfirlfsvbs0ys1.nar.xz
78124;1fr4h688nlbhdgxhbx9afkdclfda1kqj1k6abxpfzaqby3qgyp2a.nar.xz
88280;18yxlhja4biqwldjr4iamczk8188vz9iminjj7k0c3l0884n09pd.nar.xz
14912;0hrf90z7agpqpbs88g4dfr4ny7lrqh3b1759k5lrvs30iad1yhi5.nar.xz
154936;1dqrza2cgymmz1pn8lnyaq55k37n68695h6xv30yfic1gkx1cvg2.nar.xz
84712;1djqkj4p9byzaj523fadbn6jv9lr56k3fi0wz3xgyyzqrj4inkkc.nar.xz
264;0fdys0n8mrn1cnmdhrkdcy114rgcdrxqc6sd2a72492hmyka8991.nar.xz
704;1if9hhp0acj7s8szjxfqpv4g2ipd06iribjm363l3y9lqb8vihd7.nar.xz
612;0g15zw9siyj49xf5j5xc2wdfijd3qhkxdqak5z70cy2rf62nq24d.nar.xz
168;0xda8kdx1lmpl9ma0xsl24kala3a8hpam8iv3zv6yv12brjr92a5.nar.xz
580;0w37w7ksyg4ny61zijiqavbn3qcj2z5xpm9jrnjfiqx54dhpzz8q.nar.xz
760;0mcxcx1l1yzph2cv0xv3sz0lnirq4zlc0a9i6z5q7lx97mi1xdnk.nar.xz
2948;1mm8zc56irqh4s8ipdm88491nmprcdmdl0ld3w6smglqa4l4qzbr.nar.xz
156;1pwldfnlqrpkcvhi98x1kn58v2aq79aawlsqw19x80i0v7phjksf.nar.xz
724;10ix60bckpz4x989m08877yckjjixpa1qq5vin8fzsa05m4fn68h.nar.xz
532;1lmswp9g1dxcqb3pddzkvar91ypyvzb64z77wdjz4n3dfki9lzlh.nar.xz
736;1r0rrg7qlds3z8vdgdgi9hc4sw57bhradpwp7iryg80nw5mk2401.nar.xz
580;07781bm4l05k9mjixbghsvip90yszgsmrwgkjzn5lvq5npfi227j.nar.xz
560;070ynnc9q7dk8m8amziyra4kzbryid8s68v2mjz9ml9s44px8swp.nar.xz
640;0mamkpa5i727y2i21kfa5wmqghggq8cvzz3gwrzh838bvqzzmhay.nar.xz
2828;1z2bnr23969g2ld4zpnc6cs2d4qgjq1v5c9sz8c93z3bp2m0hqg3.nar.xz
768;1isw8zd6ww556rib5charwl894jispgzijsncihz6705p6rqdq50.nar.xz
284;0mky7wzp8h52w25ijzi4jqyrig76m5pblg66zpcixiz5wy039nr0.nar.xz
166272;12kwq22mj5prr7wr8k4abc0d26xz6dszw37ms7x3wg2lby4kzmbm.nar.xz
248;1jpi0m8ya6yncwn8yvav3vii6zga5pv2a4dc9r88ddynx5qgpp4l.nar.xz
584;093q5himsx24ndxbsbix3wwwh7r1q6209bm6349zay89df19jgj4.nar.xz
780;1kn00fjnyj2gmp3z3d9b24517xwzr8qjhp68s72ki83k1avv32b4.nar.xz
296;0nnn4mqfpma4qy0hy79ij0iqlv47f80qrfsx8kgwqj3ks1ydfyvl.nar.xz
720;1cvhzbfj5w665z39qmmhcdqrziz5axz696g9b131dc9qwvwgpc6z.nar.xz
660;0r087v3z0n6r2ik583npg8qzybbk5qfvk1v3ivvvickc58fhsp0m.nar.xz
260;096ggmxpq40sdxf5zqcg4vwa1c0bzzfisfnhc9p4bb2baw92a331.nar.xz
856;18vv8mcp3k9igp63zlrzb1jfk9icm7hy5v79w9fxa8m9pxr8qrci.nar.xz
196;0fc4aiwdyqxi0h0z5fwbbnhn3g0jfqg16d2nn72y2gzs3y9f24gd.nar.xz
212;0w6z9i0mgjwwvpz177a9vgv0gcija1s68fcyp8yqhrm8wzyf0gwq.nar.xz
388;1dm813sfxppnylxch4xirr47nbfwsazgxdavb3mn2mq9x1am4x2i.nar.xz
584;10mqw1zlkshbzap23mz22j4bahyg2hgmybx5jjdxx276haa8rsgc.nar.xz
744;13a1w77hzqzgr9v4pj7j399v2ily6m1jczayihjh2w28xxgyjpfz.nar.xz
632;0i1ick52cj3hz33zr0603r3hrnf5v7v9zbw0kr17w9bvdfannldx.nar.xz
184;0a1g8225f1s5amz3z57w9097902kr6dpzmqzaayy6f3pg05xngyn.nar.xz
220;0wn92zhnh5bl8iqrz0hmrqkvqkj16prd8gar9znmnwhihvb3xqdf.nar.xz
708;1238x0cm2bgnbpcvqmccjc93042q24yi4h4bkjhpi7mydn9n398i.nar.xz
1284;00aqfppk2pc9sjz4nblj0iixh4dfnnqwd6s20rmqylg9l9gs5z94.nar.xz
344;0f15a4x8yjrflsz5759jbnsdk9rf63jnb6zkf9va3abv6bn5asn9.nar.xz
1036;04is4fjl5xhvj9l32zf3xbfgca0g5bcsjdpaqz6y92raaw0s3rff.nar.xz
535568;1hzvlhwy8w13nicxfx5yv2iy6bw3x65npqf8araw09xgvyn07v30.nar.xz
24452;1nhcrri0n75kkdvvxb2zix62348aqyh75xsm4qm91b2yqbqfbyak.nar.xz
77604;11rbjf7fhly9inx2srr29r9abb4gsdr7pmqxbsn23vkla91hz21k.nar.xz
114616;058frdrhsdh3kp4xxlamr83wg928c1zma5xs8zl2i8zi795lvcsa.nar.xz
334344;1arjhnx4prbf7v221cdcfr1lg1f7xbby52lff91dkknjarq72zvd.nar.xz
76956;051bsb2s254mbdh71nzql0vmvf6lawv97csr6rwpc7zicz85x3ns.nar.xz
12980;1s1z7kik4xcgnsxfixjg8wfihf13hr4gl3kwclr1x4qkapd2salz.nar.xz
880;1vi3sgl58i48xzlzwbgf4qp4jymqwhh5h5z455vz557gfh9zb4j0.nar.xz
620;09qnawfm16ykjsv6mar5893wrjmsp6cd7m4ifvmiy4cqhz1hgpmm.nar.xz
204;0n4r2c2wr2p0m6dhgj9x6j0q1cckxncnxf7ljyv52p5x46wrsbvn.nar.xz
724;1qiyf37ibsj88d2njqwdsrsg32vnl31vg3ghlsrciv3n996wp4m1.nar.xz
620;10n749n7s31mah21w3w8rqrp69sm64wfz6y4bgivsxvphcx87c9f.nar.xz
370580;1fp72zvk1040jzlzw4r5n72z72bc1zhbiww17x2rf455wsaq9pg2.nar.xz
8268;0w96x7ql0qzxw8zb04c87y7h826fnaqvwia6nyi05q34djlpx3gy.nar.xz
119200;1hbdz2q2nbndq95vd4mjm44a8d1hjcpnhfpmpjadgdl06v9szf4a.nar.xz
468;1svnk37vwx64c83p0mzi8v4nwfki25jaf8kqm5qxi1nc9synmx7m.nar.xz
5464464;1qg06bkkiw34iih7n1p5w8fjqqi25nmvqgy9i163zp4agzpsld50.nar.xz
283216;1fpbzrqsry9s8phr1qw2y31j39j8qw0rzb35k860ymhzwim95gv1.nar.xz
20348;0px2b88mkjpni0pkv9bj246ilsgr1vra4ygfs39g99msrmfq8jbk.nar.xz
47568;122bxpncyxwypnywp6d7g69fpakkfhvq04aldz3glrkpsicvvjaa.nar.xz
736988;0sr0fy6lcp03b4vzhd5ic4jx3826q1w3kb9sh3gg0x2ybhdgib6d.nar.xz
52080;1zhxlk77fsizfnz9mpclfh6ra7pnpi44nclm2brfl5ssykp2g02d.nar.xz
132328;1ck1qwm4zgmc9ziska6ipdqc5ngp3846wcqdcd57nvfg261g7kw1.nar.xz
146280;0b0wvxi4dcrpspmngp5ix89kyymihflbymnfkzrkgwb40akylfai.nar.xz
151748;06swfw1ifpgj62sdz04ab73aqsa5l2bdc0n7r07c4r6wrgpbwk3c.nar.xz
1217204;0p07nbs77d5mjddrg43ikmjnlz3glvllw159aykbm28dqlfcrd3h.nar.xz
206420;00rai8207gj7r2scpn5dzxmz56vjiz88p4iyf55drbnbnj1n0wlk.nar.xz
2971112;0205szlgh1gr7hniydk7xipcg61gpybj09rbgb7bq6yfb61wcslh.nar.xz
8128;12r1am68c7r5zr9gys0cqiypi7ph3fgggiclpz77znz2n63pzavv.nar.xz
14672;10ms6ninnn1n7a9hpbg4wj0lamzwic3fsyzd6p38s91mfk5ki669.nar.xz
122784;09q43dhxhcwwmmpw5yi7rnf0ydmkp5238mq7anzh1paa9jv3jy8r.nar.xz
2644;0dvw9zxxn4ka6wgs287lgkzjgajndmvjdr31cx6aj5kf5saim1s6.nar.xz
9500;1ib1im4n22g3k517gv6gzyqk3yn7lbmlrl601wk3r4nngb5agzzw.nar.xz
120000;14sy7gir1yn2iszmfr8y123qjw6c7371l9x0x9bbzvyzqxngfdfq.nar.xz
164848;04nvkawcx27am6nfi574jhmv8ysd50i7jvgpbzim1zx8c0k4pgjh.nar.xz
82396;0hj1gxr0rnf6arnfcbzmpyxhvlynqyapf631bc8lnngsf3qp518d.nar.xz
5026428;1lq8b9m032vq9kv9sf6f14va2la0mhn1fnxyg05h53qdjnp02v79.nar.xz
69908;1yly64w5f62l988jkqijqyazbbyd9rbc8aiw63fgblhbn70cjhlx.nar.xz
548;1yx2f1f374z0nx44vnmgi16dk4847q34vwiyyglnicbxddqyag4j.nar.xz
850740;16c3sda17v6a0k4xkqpppl3lnk6z20wfnypil0wfw7zlwfgbz2ib.nar.xz
193088;0s5zs3d06hgnz9hxl3fq4zbqr9k9dbpd27yvy39mm279i47fk5zr.nar.xz
27092;091ljzkcaxc6x0bgh13jchlv4gx379w3pipc7sfrfd2cxpks15lz.nar.xz
62712;1jp0bqdpa60sigk7iayxp0q36pi320dd6ng2jmfr0rmggqd32jm6.nar.xz
4858260;111zlp9s1sjf57ca9cscyabj8hk9a6jhcqrvyx0a220mrhxh6vy3.nar.xz
116728;1p0b3c03aap1cwqsdqvgzxlrhqhv4c1161vxs3xdf7j2xn1279g9.nar.xz
38084;0x80nb3g91k6l34m86w0212d7ya300f8i27l8knppgfk2ndwc2sl.nar.xz
24084;1bn8gx03030dng4nmxngfzqj526hrqbj0iybj409c2xsg4jlf1ck.nar.xz
1203060;0vmfmpgcdjn9sk2h8h9g6ydlz84ncxmvshbsmka3xl3cqiz9fcg1.nar.xz
42572;0g7pqfa5dj3n3zv8fy14yjis4rx3qcb5xy5y0yhymz8pj6j616cn.nar.xz
28988;1y3fvmxkn3m4gprkgdwvvhfy9nkaq6lygrvsjx723l2cf61gp0y9.nar.xz
16444;10j6r8mxmkkl5b9hal9q068mv6z3m70k43a6dp64v2ay2a3iy44r.nar.xz
671640;0ffv1y92ryvngiwlglg08m5nnazij4hx1bv1gp1dz3irppk8zhly.nar.xz
4896;15f71wh6m9qfp9if6jcprnaj03biid09wi6dmw8lbw068pm1jzch.nar.xz
908;11pkaxf15ymv9jdzn89fyjf3dvmz5sm1cfykbl5v7gyw4kcyk8hs.nar.xz
11416;18mfij512wc5nsxzw3lbs9r5mgfzr07bnjmlx814aby13qwg977n.nar.xz
495144;061gb9b2ipp9xdwfigw6f1nnbigg6kr6f6yq8bd4rkxdh0xn2ywv.nar.xz
1540;13vw3vavn5byr18lr9yip403gl8kslhvvxwsc0j0ymjjfzwndwij.nar.xz
56468;0qqlx17ax67rbl3n1ppnv4rikb57qfjqqq016vdm8x1jxwl72pn1.nar.xz
132184;0y5lw6qiqq7h20m4pl81wf34mg0c77z7s74i5kr9363f17y341sz.nar.xz
14812;0hbh7cs6jlbcilvjfpwn1hz28mx3xr0w3282yxn4dr7yx0zl8knd.nar.xz
37668;06ks3jmrdwh8q5h8gr11apqri725336rlf392m4nifdvrzrbgq6b.nar.xz
1652;1y782smhv12wgjljx728my4chslsh7s694nbyfzw5y069jixmgrd.nar.xz
288;10jcdmr0j0n4smbh2sbka097zjy5g6k2dh6pq78mv4fqvx71s2q9.nar.xz
412;1bh2f125idgb72b5calbwjmnm2dqhxljc8x4009b23a1i2apmzwi.nar.xz
95656;0r02jy5bmdl5gvflmm9yq3aqa12zbv4hkkv1lqhm6ps49xnxlq6c.nar.xz
489284;1w4fsakin30ljxd2fk7ir8c80m2mijrw9i2jsky4i71n35d3ncy5.nar.xz
205264;1901r2688jfzjlnc0hr4g261l897sfnxfcvb8kn8q1vnxi65ygvj.nar.xz
484664;00m60s7bm6yjjjw2h61c041kplbv380ps4bq51vafgdnp98acq6j.nar.xz
18440;08acgnx746516qc8zwkjb3zh8w1b7041zxnwgx1v19gsgs12576v.nar.xz
1368728;14i84lxyfi25z9aps1xrjx5fdjy1aj7sw45pfvb31pph9z8b9dny.nar.xz
56140;1ihdcgpkp4x6kb9h4cd70ichdrvvgvfxbqgk5qw5phb1vcgdw677.nar.xz
179280;0vs9694jj80i569gm5xcf50yx9ss4c0ixfmwnf9mmvcklpvhcxvc.nar.xz
66488;1i7da1wby2q6yid0d2x8xjq2l9wfb9r5ksf1cby3crqa582yf298.nar.xz
441916;0lmml3an49s0gizdshs5pilfi8v8shdp1kzi8azkq849i3c7qfbr.nar.xz
2397280;14cqz3fl7zshzf4zpagmvskp2knsy53wrkci7mmylbkwzphid3fy.nar.xz
482780;12i7590mlir7l50v2ynl6ljmbp0pql88m4rbqj3mmk8nfja0p0v6.nar.xz
29096;14hq1dksl31j1a5611b9r09r7hk1y1ds724jf4p7afl7am7fpa90.nar.xz
929820;1zmb75czkhcpv6hm4nczcmbxb19b1vf5s1iam2awhxgg2gpa3hkp.nar.xz
12808;1kf4rh501b93bk3fabjfnb83yn2aycx75pk46h46i5k678sc1v5z.nar.xz
163912;06s6impx50b15v0yhh4sn8812zpjcjp060pn5789kphz6jfhcydk.nar.xz
9201704;071f6wccz9lgipd1al977cgpllg08yr945ccgm0dy05z7vjsj91w.nar.xz
234616;1sicq82lazjngrldlyksqjbxyvb6bg25mk8xk87vpwzmccxc7v00.nar.xz
116908;1szvx6fbrfiic6p61yxswiqgrjagdxkv14b0z2kybgzbi8p3k0yr.nar.xz
15152;1j7il6s9v4i5s3ihxfywywz3sfhm3jsrq1d891p7p1h15cxdvdf0.nar.xz
840320;01abjs69m2j5plxhnmkpcsabddy3dyxvxcnsbnj7jyzbgldhyjhf.nar.xz
80504;09d4nzsidl4zrpyvcmnlh0b72110n7k7h5sbbhi2ahdi53b5qa4g.nar.xz
15536;0x2fbp7w6klhv063x19vll3bp0fk8aw3f3ln8jyw7h1zbpanhgh7.nar.xz
310196;0w9mr0rjxh3kldqhzf9wjxbzmbzl41pkqsr8pfvzxn26qkp8pwc4.nar.xz
38624;1az7n1d99klfadh1j5ikhqsh636z7hcmihaqyr3364i7lzizc79g.nar.xz
130452;02pf5l0b3qaiqf1mz4ax3f6ckk2j3wvvilxd7k5a4f7yqa5j48sa.nar.xz
1382592;1aviprnlv0pvn8qwc3x1h242v908801mh9dfcdcsyf9x2f12sy08.nar.xz
52760;0xhk3nlm1ljafa1kgpd4snlkzqi55b5byzh56xcs8yc09lil2rfb.nar.xz
3018268;09wgkvd1qviifkmj7rjahpb6x4sdp9xa7vw5ni5d9z2s5rxbjqwd.nar.xz
330484;1cznd3m0n53avrr7ykfi21j371rabglbh50km8pkj70ciyy8f23v.nar.xz
997628;1c1qx26y7nhhxp9mc48v0rhbzmpyn5nhq9ykdcihwiv5wwfdnica.nar.xz
118476;0r2ydfs2pbnp7j2cb20s41r4izsp7w6v61x6sakmvixmm3niv99a.nar.xz
45952;19867svf4d27nr110hdd2x70dmd1krbi9bk8ampx1swbxfn58qrq.nar.xz
36296;11xzl67pviycnyxi69zj4rb413gyrkfskz0pcrn3bi0isg8y20mj.nar.xz
39708;1r38s06d8b8fgbh6c5sc27h322s0hhjx53wi78la595z85nplg1i.nar.xz
91132;0x1crby6207k3cgycr5ra33w2ahzwsg7yw164iwq1c676rzwg2gd.nar.xz
18560;0n32sgbjicxfgr14rn7yhp65sh35qqiljscyshml09zglz7hwh63.nar.xz
91980;0a3w2abxk2yxwzh4wqgbpv7p88rhwfhxk3f3p0nha46zpjjkby15.nar.xz
45020;05qy61xc3ym4182r9mrjpfr6ww752pd60nghpqw0vk1ynvi5r7mg.nar.xz
680296;07z0w8sqahidylcclchgsb8q82qni3hl35sh0kirnpk5ls7n1c2s.nar.xz
190580;1l885bjv9n3czwqikqprfq8vj3x4f3msd2grwjfwm6072krjpskm.nar.xz
7336;0ijm8r64k66a5pl77s2kqyjnkcvii3j6sq8q7c3x9mlzkrfhlf8s.nar.xz
15552;1dhxj9rhx6yakjd15dj7yanzmlwn637j6d7xqbbsipykkdgv9nvn.nar.xz
697780;1i2rdl3d3208yiqzn3wz0slhwyp77gzns2kwwkrp2fccwnxdjh21.nar.xz
5992424;1q010dcj9wrp6srnp8496gqf3i41klmzingjpgbj6bg2q9iqlvzp.nar.xz
8128;0ivn0n5cfydpgj655p4hccvbnhads5bn7df4f6srl5r7xvgvvyqv.nar.xz
2085020;1mi379999pyhihl98j75asbgnw8pc18wd2ia5v50r2xch78nfdxq.nar.xz
1054648;0xikli2p6mvh9jpsv39jy42sgawi73lmnqz20qqspvv2m4qx45rk.nar.xz
100732;1z5b83kwwwkpxfaysw4hv15y258byg39xp0r90wdl810p0n33v8b.nar.xz
3432;0hdwpi5h0nz1yc78mj967cc638x19hch44n9ari1b5x03319akz9.nar.xz
13340;1vfy76nnq37jf4g877lqdzpmz35jw15j20ccw1qblc254zihj119.nar.xz
433572;063rwjzmmqxw3z59db1620x4nd8pspvrdbjq5dxf37nzzgvnkb98.nar.xz
11448;0ba932njxkfzca5mrvl874j4jyil0c50z5vl44jgzv030mhi2vfx.nar.xz
306028;09bh9j01szabikphw7pdn06iagkra07riamh5blv0cawyi3ymrkp.nar.xz
39252;08bfdwnd4pr9n6s1hv99rmx3mqg14zk0l6wg4kylg71x2hmhj42d.nar.xz
20456;1vmkchx8ac80b2vcrhbsz80mc9dpaq988i00fjpxxancrj5xy37a.nar.xz
23964;1rjd8w4lc2bnkcm1c056qsliqdj5yi2i1xnahf8pnca4naf2bbw1.nar.xz
1375448;09f3pbn667ppx425wljwrjcv9a4y3sd085n8k823ivaszx9cb5jf.nar.xz
37968;014jn82yvl4wji8wsjxdn71qf58hdp444x5m8yhryqv3il66hdv2.nar.xz
1184732;098mz9bxfwbsaq9pihpiz15hgdxl87az638id0xyziw4hram9kqr.nar.xz
12732;0ywr45rdjwdfaxj6swlxjrm966y0y2d5lylik5s49aw6188a4j4k.nar.xz
3685116;0i7gcxmjfnd9zjcv1ag9l76h4p30xr3xmyajmjbnv53zaia5hlm2.nar.xz
418864;0xn8754w5byjvr7vb5pajff44vj931n2v521jb17nhvkmdzbrw9l.nar.xz
102668;1al0a4gk02gr6jmz85c27ifcj1lg9ly8pvqbhrb2vg3rcy797ykc.nar.xz
93416;1aqdmxghh70pirvvkb0cr5n3wjv5qj11l8f3p7zip7ar4yrz5d9j.nar.xz
2172996;1m5zlz39x4zv2smy1d4dr9gkpprwpqjgn4ah3irnzfc3w7bc9wkr.nar.xz
1398256;0bslqkmcwwq6ssjyfwr1qffik98ql7vkwvzh7f89cvjygz8ir6k0.nar.xz
99256;1vhbb09x3z625zjkncr17fwzdvy6p0gzjqspi1gb7j7jxv6sjsp8.nar.xz
44064;03c7wska5v80zly4wc1lb97pv8yjg8yz5kkxn8xv4vpjw9gj8p6b.nar.xz
372096;0i2q3wrq1gycgwxgm3bnqrw4bz5clxg9wr0nhqik9w941dmi6ivz.nar.xz
173560;1zknq25lx5dbnfhn1xxzakxvwf6z5jk7acpigfdpk7k43b34imbm.nar.xz
13576;18fsbxlvwfri4p6rzhxnmj96jx4db1i9fvkysd0gkfk4fyzp2lps.nar.xz
30920;1m1p0gzvpfwp0qs80282krmh9qj3is93s2ym3ii29l4hrir39cvx.nar.xz
10316;1jglbvaks3qiny0ssxqsc4anjcw7073aix72asxx259fclp3ai3m.nar.xz
724;0incprnqqbmq352d3fv7mdpiadl051nd27v1q3swnvz32mn4yhka.nar.xz
17924;1ai00gg32n1rjfdfgq6sasjm9jcb5khk66cvlwqcz3d9il30znji.nar.xz
7663652;11nzgr79ijyq1mxbf18jfpwfnz6bzjkaw17r6hy94lckajd4dk7m.nar.xz
522380;1nnsq8qp84g4rr2ba5ngas2dbrlvgp0q0n8pd1cqb6wr82qc55f1.nar.xz
98336;1dgr8zy3q5if5m14h90blnhhlzxvpxr6rr17257vp9r3z6vbm0gb.nar.xz
12292;11l1j1a55z4qvmis4kamvdb76s3g895j5pjn9dkd5ig801wchp5w.nar.xz
1758096;0q1878ljxryhrq6hp65xz825ad9095d8zq13ls6c4hg9930n51p3.nar.xz
122068;03all8h7fjf31y8xmmwb1nx6h9ilaj5f8lzmqzafwpidq5k8xlzz.nar.xz
7712;0d08vsx95zlzpq87c7gmg0ardx3cqg8zxcqybwg5pl8yq0f1rlsm.nar.xz
334700;0m8z6q2dhwpszj4nwjr8y27hqp25shjd99wjnwcl0q0azkkvcc9c.nar.xz
1399164;1hl333600qdmwg7ay6m4d5rciy65qfqr1pramzs5qn96x79hmb8s.nar.xz
26108;13f4jcbcwn7a394nnh13kk1z8lnyypj95mix36v6n1pz4a8w4y1f.nar.xz
10004;13xnp47la8q0x18wgxxszvlfg6iq8w6xlrrbnjm74sifpr91v9b4.nar.xz
7788;04knw2izw51zldxq0vpd3mm1ff7a6ld8kpm7vvfz5200fn7qyr87.nar.xz
95712;1n39gss6r2n1xhs2qr74kn9ni6jcs5mcdnmrh5a51d63xmgpxzdb.nar.xz
67816;1ahr9yjry79481np23am3dqwgh6417wgkzsipn1yfy4cbppz52jx.nar.xz
213792;19n9p79j7jdgzmzzl8wjv0jlqgsyrpnidzvjgfdysd0brb6fdjyj.nar.xz
412664;0kabszvvz0kkyjhvv5ydprw4pf6cab0zf5qjz9zf3h1piqrbrdcn.nar.xz
1113376;1wpl33wiiqrdbhxbs3nflxzjwjdpyn0kjpb8ma18abxlp304fyxy.nar.xz
1140248;07njmlzh9f88a6d79bvd3ki6n0w4hq01q3my6yyya7c524bqmf3z.nar.xz
21108;1wgb11vvw9k8kb3ydfam2kv6x8wavj2ixlrpbzm6f9ir0pcgm3hd.nar.xz
411164;1gzj13pri2rcza08v86klr9jhgi9mjdc081xfm0k0a6mdh3yqhf5.nar.xz
300448;1j5696wrdljiw3kh4jynqhv275kn5qzdpxpkclw6vqx5d6azg8y1.nar.xz
121136;0cd26a63mn2rzbqdinxl483jdl26i6xl2ad6kcn23k49mmqghqjm.nar.xz
123848;19wagxivn8d6ixr79cs7wp8hdsx7dfsr3imlkd257z9v8vi4ggrg.nar.xz
45976;141bw3vy20k10b00a8jvjmddf4xglh819ack6i3jf45xxfn1w3yq.nar.xz
79788;1al82jp79w4fr3y62jpjfswdins4yq080dl86xalpkk2fwrpssfb.nar.xz
228;0rwvvbslwf2zcdydjpr65wljcp7x22ag6cmrjj20hwng5rqlqcdy.nar.xz
608;0rhp58jgjvpnm4liqgqzq9l56la97c6cj5mgg8mi52hrfnh419vk.nar.xz
716;16h1mmvyi31jwrd21z700yry7d1c1n09vxvgag3c4al5ingvgbzw.nar.xz
648;0srhqv6zbrsglyspdzg0ffjyd9a5jjkb6lp2wprv3rk97dz7qd2p.nar.xz
1180;0prbxrnzdgh9vy14hmdpb0x3ddlfyrhf35vk2b84hhgj5ywl6dfs.nar.xz
516;18g550avc1dxjb5aa6ldbdrip97dhh3vs9wh5krhs6rx37qsnlc2.nar.xz
908;17b7yfpp91mbv6s8q69hqypf40smhwwxvrzzajibmfgsmwdgv1k3.nar.xz
584;0vxcp7xpxjrnrfk67zyw53kyqf76y9wk544jqayzzsr93i8jdhj1.nar.xz
232;08r2h9ckn0xwsnqjjgk1fz4nz21bb57zfk95wlw6h8kc4wll4l24.nar.xz
160;0534wkqxzwfjypx4skf9s0xmdyfq835fqg21pdyxfpxpix2vxpgd.nar.xz
1012;06dahl1fa8cz7wnffln7g3nkpgz7g80d29g42dkn295rky2z4qz7.nar.xz
428;1flw17m25k1f515jls91ngdqzb278ckj0m68xfi5w3nfq528dz3p.nar.xz
344;0yk9c331wffs8br515zlav9r4x59jzd7d919qcvk2fis7g6jm4hk.nar.xz
4892;0r5xq2bgkvjy7n04s9hd1yjb6sqwa85119hna04gqs2zmmymwlfj.nar.xz
2908;1qqpjfw16nvmg0bc9wpbchly88krxj1zbi3d1rys5w9dz9ak769n.nar.xz
9076;1d22rl8x3fzyjk0wa0ss5cf3k6g6a4l51nmlcg9rzv77nciqxmmb.nar.xz
1228;04vwh2nm7h76f9i7qcycx2s8blz307mgp3748ylqmi14j454q7v0.nar.xz
432;08hjqwi3pys7vj626zj0mnmqcpi5gw76jzn6j850wa76cddcv16p.nar.xz
252;1k02mihzc9s6fd4krzlfdndxzcjsnvffhkm34cd90cabg66iw159.nar.xz
192;0lkzj6vgxpkcllrdlvc900j2qi2v83hhbyv54gndap9rl7bx7pw2.nar.xz
1040;1gj9yvkhh5b9j8k6gcs6kxsxss8nwagbixdmcsjkarkcch9va8ii.nar.xz
332;0zycxrffacf5wx8s77cl544xgw2z7i2d87y9dk9x2r8c9xv1b93g.nar.xz
968;0h732v9lmxsr8w28a1dbkbim1ifcygh4qz4b6z0gcdhxignin4za.nar.xz
3732436;01i69q13fbvly0p6433h7nh0fqxwm7hr4q2943lk7zk74dracj4a.nar.xz
184;0c6gs21x6ic8lk7wsk9w4678w9napzwvdvvqld5d14mazj4vz5qd.nar.xz
208;0b2iq40vj69cgkcqhiqfwxry197csnl7yz4rmdqbiisszyy6i2kd.nar.xz
1136;12pfkcgmxpa4hxhai56ql8cjpi369vc1i2jl57sq48rs0ci6n2l5.nar.xz
316;115ir7ab3djwgm5h1az55d9y2yclc2zvdi4ng37m44k815nhll0p.nar.xz
32916;1g0a2msi98wd8v352vbgfq3qisiskgi2br7pwwxa0016lk4xr845.nar.xz
508;19sb4176z78wk5xaqgnpprwm90cziqcqijapjzk9a9diaag0vh4j.nar.xz
312;01nidg72bgkv2lhlqpn6lbz6nsy3jin70jyiz0l697irs7wq2f7k.nar.xz
5188;05bgsblh31hk7ps4n3f21gnin2528sm442anlhmrirz90y4fgx56.nar.xz
3680488;18idqckwr0r1mqwlbkjdwc5a7m6srhs5q3887yd0hivfvk7lik7s.nar.xz
102924;1wxzc6wqqivyxy6s8yjlq7jlzjniwfhirjkjy2gms91jzjvjfwjh.nar.xz
422652;06rk30354npv3ls3f8n24fihp1iqq17si7y1wgzi540ld0rs1vl1.nar.xz
7332;0yrw6c0bsqxv3zdiqq8bvn37ysm13v4k83ij5lc777k3q1214vk3.nar.xz
1432;1pa32b6j0mzaq98cnzbrhbx7vc72j0n5v1qnp34nay62d8s7nm0a.nar.xz
9884;0wa13j16qmbw8nw854h58k3s1bn0w4jh0hc7sqr27dkacn8qs1pm.nar.xz
941572;1c3g41vnd37mfs1n2m7mqzlix0ac2d3nlrjrgx84jq44kjkx042i.nar.xz
4700;001vhgxsbyl2m12jb5chmyld2swbvb4p6parsvshrig335n4njbc.nar.xz
356200;04mb92racdgad78wyw7l093rb46rmyryc1s46dw8842qv0q2nq2m.nar.xz
448;0cs9ig8xilg72xj48whz5zc6102wqcabnyfv8vjggl5x70r3ra3f.nar.xz
202360;0s7isrbjjyyix4qg1pg71k7sk6jwy8s2jc1c8d29g4ysyh42lzp3.nar.xz
5251584;18l0in9yc6qw57bi9ypgrn2vq263g026j7xjhsq6c2k32cs7zksl.nar.xz
25628;017arg50zmfgbkkalkvp3lggf3cwpn15p5xz6qhdcgn8m0z4qg3z.nar.xz
166192;1q97g5xa2hskhfn9j1dy78m2cd6hy6mkwl1jdd1rj1byrhsf7yz2.nar.xz
15708;0im1cfyw543s9lqpvyy04fpb833y21b4kzvbyqx85xw9sbcv690v.nar.xz
304;04wfqgdpwhnqbd1bqiv5fn66lszfyiynybm3qbwqdzi0h50iml9f.nar.xz
476;1pc5047nkgz9285bcl5snijqcwpmq1f6cva9wgrv7s2vgx1sypci.nar.xz
42860;077lii50kzbrccbc62yxyk0b992dalq8vz1pvlfx4anch61m0a8y.nar.xz
400;1pl9xdk9c3l0swkpclzcim8a2yjvcdl5jsmz26w0b37mxx87xgag.nar.xz
139624;0ch6dbpksg2729ir28mvi5mai1d0hbdkpp35954mxgfaba87rdfv.nar.xz
356;06r8bbxzmwaaqr10qikq311d68m08ghpirbcj1irvdldbkwhixs6.nar.xz
18140;0wd4ancmsyq7zxpw97rk9fz2ibih5qvhn79w1v03h27sdmdy012v.nar.xz
68596;01v6r3483q3byfx89y75pn0499p0353ki80gsj8flqpygksivz0v.nar.xz
117832;1zp7nj549kd9ykrw3jgd3lxmhf0rarvvb3cb40hhv3r5sn622lm0.nar.xz
218180;1l8drcqwlh0ji44236hqv37v591pjv4l73yvkv79b0ac7110fwzq.nar.xz
169848;1vq9s71dnbfqv01b0wlq90h2q3q8c07x65q6xcaw8ap59r5gzyr4.nar.xz
13836;0xblf8cxxpmvhh3yyj7b60d6q862lb0kbgygqs4hj2mnmzf8dzq7.nar.xz
160732;0bw9qfpl42byn9dfsb3s4cbhdvzc0jh0q78s3473a8n3727s1css.nar.xz
1324492;1ykl5h7kls119j6vb4xm5hrvsz7324x3il7bnkza7an8cnbirq45.nar.xz
6864;1krcpvd42xdcvbjlxsk4fxhij9zyqwqsy62qgrghd525pn0km5k3.nar.xz
169756;0qs99q3j08dvyr9yrsf6d9li66f6wnyhfmfr8vfwfr0h8dfz4x07.nar.xz
221920;0pn9b0p33w2fic22jly205vg2srmkmmnwz0j88pkvgxag8m0bm7z.nar.xz
45236;1w0kq48ccvf89asf2nhn3yb690bk3ms7xf7gs564h31v9hja72jy.nar.xz
5816;1181wji8f31r50n8shb8pfc2drnkhbjbs9rh9kwb8z9hi2m3arjh.nar.xz
37236;0m6pmzwgirh3radxc08qgxyvxfha8ml814p83q1lxmq1fb1kz7lb.nar.xz
84176;1lwzgidj752fxjhcc87cmgvgfd01dn4l65pwy7bmkc52n3806his.nar.xz
14528;1ldk9rlyy0dkgsmw7h87z1nnhnms043hcy341ls0inqfk77ddfi3.nar.xz
142104;18xbngs4xqb081qxplbjyw14jwdy6g1x36gqrqj2x34h2c8pm457.nar.xz
7908;0a773hvd7qq7miz7s24psgkna6n10yzh2p1jisk7l90ggs6zqcg6.nar.xz
119848;05s0gsgqkqklq5ml631kparlsg17vc8wpfshrg0wh3mrlavyviq1.nar.xz
388260;1q7nm9c4nnr6491canxhwwfbyihg22asnqbmkl4vmmldh5krswlg.nar.xz
22048;1d9nc7g7pz25z69r003hhv57hca8b3w83shpgczqyfi3xwbm6n5q.nar.xz
153604;18jl2ll6830vxs7m2338yysjhjrdvkb3qc8sp5jh6b0ri47w0mx4.nar.xz
24676;1xrwq7vxp9nsjxkfzkq13gdpmkjnx71rjkshdiwhx915q53y10cf.nar.xz
81780;1yb9zdhlys3z4xb0vnr09z70n9bwqbs6j81nksizj8dpq09g6s4n.nar.xz
404;1gyih01qjp1zp0q077gdbmmqxbk77z6b9q4f1yn0g2diij6hssc6.nar.xz
22408;1h4x859kpzwfd03xn3d4q6wgq0868gp8bbbcvbabhbgfxia4vyv1.nar.xz
47796;1jp0qr9yj1y795gynnaflayj4d177qyzha4666hxp2fc8w8znhf1.nar.xz
26820;04m9yvbi7spcq217w54aczyz5ca0hghlhk0ni6n2cxsv6vmwisg7.nar.xz
319244;0f3izjf497rv4kdnf3xvsgrchi62kr9adim2s9cfpfd489zlvhyf.nar.xz
678700;00v9ck46p8mwxns8dbi5if1sbrkv9jq9qyndb7xlxri9l42fskh8.nar.xz
195020;04046rwglkj1djwx3d39c2hciwhpkc4np4r9v302wla899gbl688.nar.xz
8668;0p41495fb1mqzd6nv8yp079m72k8zbla960an6zfmkla4h8cwccp.nar.xz
7796;08by7swfhc3vhjjv37a54f9qkz9m7niy1scbw5d3a3047vapb42a.nar.xz
224;0gmpxp70909zhrmyb4c1yxjg556h0zksdv4ivcpl17jgs7gli955.nar.xz
620;1q77zxk2x9i2v0msv7732ynd5wn185jfd9has1783dp4g3hz5pcl.nar.xz
53656;0738llkv3cs3ij2s787kzvlcn4yw0l0r6mqfxgx1j6ccl403z5s0.nar.xz
588;142g1zwj5w3kc9jag41n79c5x2xrg0lwqkg45n5k7na657h1p96i.nar.xz
52776;106pv9yc565qzkzbmi8d0wlx1zrwaxkckd03r8bl7dq7v8w42ibb.nar.xz
140;0vddldfsqrdq7fyg311i7m8nyp7xnq8p5q1qf0nylk7gfn39jsi2.nar.xz
14048;1z0g4vh9nrm6kx83s835mmky163qrgr4a2sr20asccdfylbgm341.nar.xz
95208;19a7237kzwbnx4h6fvq6fy97y9yh1cl5nd4vvi4ikvsdrrvr5a6d.nar.xz
748;038hc5k7xv2hkb89rg78d48j5m80jh4fm7vb4cld6xk3p36h8ln4.nar.xz
364;0662s2523gxvnjc0mg6aahcn9nfxnngpmhla5csl9a5gm8ggc493.nar.xz
26240;17y115b4adsa9wd17fsxh6f85r5vipfx83pq9izza0ldmks3xwn6.nar.xz
413980;06r4hflikbvxdh7wjdwisbmvv5rsjjzkglsrsr8hmnzy6hx1b99h.nar.xz
52148;17gls7q5avaavpz4a4xxqjvgcwjy39zv15kw6lw6ppdi1cxsb4ks.nar.xz
468816;0m3nlhv413nj508zszgvf8bm29vd250hjdi7riarpqr206lm4g5w.nar.xz
4376;00pc4mhjw0n8gak5bz47dghjsmww0z3ir91brsxkkip4pj633a4g.nar.xz
84164;1v8mxryign2292jr1ja2sb3g3chd9c29q0ndnpylxw486092y2yd.nar.xz
260;16jd8mlll64qaxn1ad5nj7shswyljfh1r37qbcf42pwv1h626x06.nar.xz
335560;0yc2zzkwk10y9k86p5a59c5y7v0wrc4hqdlzvxj0jq2bg324bpi1.nar.xz
29076;1caqkgcbdhfry3k4x3zsxqcgh1lim4lhz6j0w6yqdrp40ikzg167.nar.xz
150664;0s4q5ili9yp0ibpn66lnbbcfqp9gbvhmmqaksn2r9is3dhdcarnj.nar.xz
39896;03pgrgj77m7b33qsqpgkky9kvlrxh5znkfmjyiqh000f9avascj8.nar.xz
292704;0z0p3bhgslw6kjhlhjkvw9yw27cllrqbqhvwxnl92r5ifk9dphnq.nar.xz
49292;1ax3zrdskfl1dv2z95v8gqkcqrgjzrh27im08jdjvw321al87pna.nar.xz
120836;0r429380ldmnlccshj1grdw4adkiyr47gzm930g51idp0473gj93.nar.xz
15976;12h5sd47548yp54qpkyd3qw2qw7d1awdma58j4g3gfvmwpkpd4pk.nar.xz
27072;1asnc2adv5mddbkgccb8fxias6d9w4sd5yz1lyvzzr9kb8q6ka6i.nar.xz
26908;1bj9wmk7h7qzv4dn3flkc6kbari2vzyrvf0pgvd1qk4pa59n5r6s.nar.xz
7772;10i92x9sy1aq35i8fmlgs3ds3yv9vzl22zzgaf5sj3md5k2pv0j2.nar.xz
68512;1rmprzbd3083rck9njfhbwch4s8gssg610bycq0ipncnz6l2iadr.nar.xz
36996;1zv9p0bxklv2bf5f46bli1c2bg91c6n7lbkvg4hl4lfzfnngmhcq.nar.xz
119096;198r3kwd0mymr33y6z8cw86g8pbgxxi02j60d0gpqs9mp8ms5h2s.nar.xz
9091824;1sccvvfhann53hl1zrv9858qapln1bm8ns4g25cbkz5icnvklsvl.nar.xz
8773264;1z2v5pyj4jv95mmk9v67wkxzk9ni5wn4mxfv2i2i45951nscbla1.nar.xz
459348;1azb4k8702fziwsprn5zpmvbc703axdiadac77v7fbxdvbdg3civ.nar.xz
153036;0ssmcs1xi704dbp3xj2xr1rw9kc5ziaxlcsg6n7cqzcrrf0cgzhh.nar.xz
83804;049bzb732552frrrkh7xk6vqr45ijlx169zxkj90bfn4lx2qdnqk.nar.xz
170352;011r45kn8r3vmhrhx9yb7zx7pc26wf6lglhrdc8gb10jc7bwih7y.nar.xz
54600;1z23glm22fadap4gkr8kq334019f0zqpk1fn5sydn3r9qwiq9mnl.nar.xz
20104;0ysdrci437s4fc94jlb4l9z9qjllpkzxijm8vb40gj1sjp5q6xzy.nar.xz
26576;052w9licdr9ixgns2k19wir30zm6jqs7rjfrz7vd8i9fa7xqxi39.nar.xz
274156;04ddap7a48pryx17ggbjpr1jmpxhlnb2cfwxhrjmwmdap77ga5gx.nar.xz
169076;03m2z1wlvscaylkrr1dcx8qymxsn32din6c466yp9sjv6qcp2s7d.nar.xz
448;0fdl8c70nv9li04gnb22fpw8fksbvcf9k2dsdysmyzz2x9is3k5h.nar.xz
103596;0prb1m7li5hbn1g289gf1k3hjyp9kynjlblm02d4w4xhvihbd87r.nar.xz
76280;0bjax3s4nyx2d77658jh05dn3qqgfk5ivnbcjdyggnbg8078rnpb.nar.xz
22972;1xcf72cqqday7jljsqi61lp4ljq7pbsf5chaqmbf0gpk8v18craq.nar.xz
312476;158ic5gj0vcsvw8328ckxwlrb58mv86pbk6k0jxg1xq5zif9acb1.nar.xz
138072;0awqqqgsp5y8dkh8dsj6g5mjgw7jzlgw7ry0cyqvbcpca2kl96im.nar.xz
343024;1w3yh841l5l9j550mk0xrh1rxciyrjylx1bss6ya4pb8ygk9z29s.nar.xz
236632;1vvw5ib9qnsq4h4llkkankgccvrdaaz3xbhivsypxyzchjssd786.nar.xz
693336;0lznbxcxnz9gp368qyhm3xpk0ms79ibif9lmgirrl0aqianb2mfl.nar.xz
125716;1xf2qqfqmydps3apawfxgbg808sdb666ybi00m2r0ghv2fffc598.nar.xz
570420;0m1yq1vnjjx7lb5lpfvr8d65n26j5w8vmdcwxzcjjnc09lz868xk.nar.xz
412;00xfwljkj5q72x3f0w1n3ajxvyavwlj22k399zsy5yajbdwq7sdm.nar.xz
51932;0mvldfvpf6ailxicgdsjwjyxz61x7avq4gph58gp96vy9n9w9s21.nar.xz
102720;1pfzw8zpwahv4rax732318l6817j4v0qlyyzpbjl4bakv6s3h9yp.nar.xz
984864;08dzby424kir9c95lrld5v4ybfp23a41z3yqb3p6ax752v1l7f1b.nar.xz
332;13amr3d9yqqd5cll3av55sqz7sa6sb0w19m28hcjjzcay0wzaprc.nar.xz
216812;1vqq45lk931g4n3yg4qvf9vk7h1zynwz8pxxah72j57j8xw0bma6.nar.xz
167592;0vdgn5z8nanhszccqa1f2fxdaslm19m8dn5vvq5rl5pdc8gn70jn.nar.xz
584;1qzlg4byx65d8wzf1piz7aq3a8yd310r4g1adpfcgpnx0wm02x77.nar.xz
38072;0b2qw81rscxdy3wjsppa2n4zl5mvswsb3qhx4adfr5ghcqvpwwf8.nar.xz
412;1v3djjjpf3w5mf2lclcz5yz233fzb6y8p4zvz1s47hjy2fnnbsyw.nar.xz
7292;0mz4xk4lrw0ldzd5h2zbld1njywarqmqj37ys13pxy0jrvn8qk6s.nar.xz
232;0s6n4hzpx63nxrnnzjmrp00y16svzszaq21hf19kwdg5srzsjgnk.nar.xz
1720;1p4plyqyddxwcvb3rj54b43srlvf6xdxs4gplnbc7ldbkx0l0dx6.nar.xz
300;11mli197yda03zq4qyiza01hpc5gqvi89yvb6cndjb46kvnzjgcz.nar.xz
26736;0150bbx9fb5xmb0bycbbva7nc69wdg5blivj2kx6bwxqa0jq4j1v.nar.xz
45692;16y9w79d8p33j0nzmk9r623n5558wqbhqrj1nghdkin38gimjyzq.nar.xz
20036;1bnswh4c6qhczz0bmk2g0f89ayynm5q22l1pri15yk57g526khq2.nar.xz
366916;0n5rya9ivfjazjrd1f54d1r1pc63w1jnzylqf7r1g47riqwfqcja.nar.xz
1039612;0yicgqiazy3b2jj77phgm0jdm715pfbnzscsfq2aq5mq2fq7pxm0.nar.xz
54088;1l0wln1hms32gj2gwqsghsxxmawhvwsa94r2fklykp097azwpc32.nar.xz
37796;09v6pvmh29ir22736v3dick40i25496ar81dqzh46p6yznj8h48s.nar.xz
362820;1gps0xs3g9vnny2l29xrnnwfwga7cdp2y9ajn7nghy8lljd3hjb2.nar.xz
736948;15p6cxy7kgi887yr173kzaiarzdz5vvmvlv54b6n40v6k75zn4f2.nar.xz
216;0h1v53p0n5w6dn03km41vag0d78c2apd4qq9xq46y5s8vf6kdnm2.nar.xz
100572;0qgsn54k1cl4ikc9nbypkb5nqv0z0pxr8n35nc9c2yr87g54mg7x.nar.xz
1180;064km7q8ca0mgb291dgsawz6ff6paa149dw2s23x72wxlbf7ph36.nar.xz
516;1wffn5jzq2jv270g1vd98zdn80r2igwxj79vphl2xpv5gql8x135.nar.xz
908440;0bm6pyarxbyxk0hqmibiivhl2kr3w9aqxxly71awnk7hcbn2x29v.nar.xz
836;0kblf2l49hg3205vl6r090xiiaapwfhxpqk6hi4hlrfwyg796i84.nar.xz
300;1xmk7pqq89lq7b88zpimr2a5bg9p28fm17zds4kq7sdscjbbafbn.nar.xz
1380;04aq8lbrzd3why0swqacdd6fgjyzvaxbqvyixznqaavraygk6rkr.nar.xz
292;1qzxs9h87n7mvvprri56fqm0clzwm1xkz8d0ws8lzkh53a7z2pzl.nar.xz
336;0przdrvyyg0adfi2fwyjkbp63l9fasbawa2vh62vpb9icyc0352f.nar.xz
312;18ygp869lmi184aiv1ssp0lqdwwh0fmjfdxnsrw2xmz5zgz0srln.nar.xz
384;1f7yms2x17f9mrps3y2qkcispxxbxlhkz013vis4d3ppfdmy95ck.nar.xz
609468;0mg144y7436n265a5hx5i3l00k2kkawcixjybpbsgjlhmw0al7xp.nar.xz
301868;0aq4c866b3y29pr663icn7j8jhb2hf2f5hxlsf667bjc9h95m2s2.nar.xz
1360;0ff3r8m0yxcrv7n1ygd4nfm9fc606s9xn6srrb0vhpy599a7cyws.nar.xz
286644;1rnrx2jkfiga35xwfqjfidsycivs9zg8i0i5h69cbd1ksbv53ggj.nar.xz
1724;0sms9vi9vdsngdhksnn63in3vnrzm3c01sxgi8x3aal9aac0zmyg.nar.xz
8220668;19hcvij29d392i2z6lni65f4sqi103j0zr81j712a890p949f46p.nar.xz
24804;02d1vws9b6hlds9r75y9vhn4wqz24219j8xvg0a4qdqjiz0rrwbs.nar.xz
103172;0rvd4s2mv8nmqaqpjj62h3xmyf4wq7m2ynsg8v5qc3x6lfr42r5y.nar.xz
260;1csyy6qqldkkh8a2bpfz37byg813cljngj37zx40p4wavdm7vz5s.nar.xz
248752;1qakz01cy81qfp2m668fls9fabnaq81710243id8sk16vqadma2n.nar.xz
276;0gj6gria9k60x1dll35xjrlr947x8sq64c1227ia6g54hpw3kxnx.nar.xz
120;1s2r0923zn74f9rja84r4mw838p3bnaavvgka9kkks7pxf0y2jzn.nar.xz
515232;0wrskdkdrx0rs8s6vjhcgzkqgvl4kv6rrc508bg9rh2v4mg44jaj.nar.xz
59748;0vnrqrfmfpak1zm996fq3rdn68l2139agwslbs14vrv1ky4jq1pf.nar.xz
472;15g58m5jqjfiyyjsdm7vqqqnnqh6x3dm5fg84ri26cha4ilmbq1k.nar.xz
960;1l2y6vz5j928kigp9lwir6fgq4ncjsjv4g3mssbbp22j52y1k1ng.nar.xz
420;0warxsb69vgy9ym24gymwkppbf5bkg47dg6vmkyc7j55h694kxhq.nar.xz
368;01kjyhrwr1x4qvw0bdlykxcljqxf7y9swryfhs435n8frpymxyn5.nar.xz
33717644;0fagw5d153jgznwzkfdlxcgqam940vqmjgq4g8lglm4q3ig59xn1.nar.xz
350056;192kw88lqbh7lsg6mc1wai4c0qxnjb5602c25ls212nsyqb5igy3.nar.xz
78760;0xgyxj15y9yn79y5a7ly38l7mpdzpxkw5csdcxxsddx8k99n34db.nar.xz
11648;1mqz9s076qv8b3j6rs71dmwp36a65q9jpwqfaj8lv6av54w17d9s.nar.xz
4356;1js1v3ilw7nmkcga6k44q1jggcgwpixpd8c7w687wl09l83wkngf.nar.xz
5480;1q6xw9yk9ljyd66hmhmvdixskdqpahh6lawqg3jvjjhpi8qnv6xk.nar.xz
6132;15h39fi37dyxannjsriq1x410cyfn6k1b6612ar0rqgw5hxhghg3.nar.xz
45160;1vc0cnvkxwkdaqgxaswyxphw6vv8yj0nk361ahn780w3y9zjwzm1.nar.xz
5288;13hlq0hf04j1f62v3sybw7raar8rzs0m3rd4h4kw358g5iysj5mh.nar.xz
3652;1vj2jn1ah9fwiqbbkdhgvxnzqp0bismwfdd2ag6llqhax3kc1v99.nar.xz
10592;1w8xfr61qny0f9f9hh1abimqhbh4qx8n6i4jbgkxsrcxkvb3cipm.nar.xz
5424;00i5aifnwym3hda8znjxlnw4iw8mkklz5jrybwr6md6i14hminfs.nar.xz
8396;1xdpv8pi0hng1jmsg7nq0kd316bz0m39p19zz1h2b4bvp9h48wpa.nar.xz
7876;03h29zfjls4zm9h075gqzdly129yrp0lam6jxsl5qmm6shdzpn56.nar.xz
34756;04kshyfci068wcym63prwd5q4az964apj3vadnaqbxx1syq3z3x9.nar.xz
14600;0qx9775aymg2xwf8i46v15xph2lhlcx9k31zapcy3lznlyfjmavk.nar.xz
36604;0k4xvs2nwpc7859c3139g6ka3drbqjf7npcjhwymhsg3a94qdn5w.nar.xz
4748;0nsfh7a17b15ldfbrxvc0wy9nf2g77m3fqa90dm1ggwhjfgw05qz.nar.xz
4516;1m6m9jpik3gb0k9c34rpb46ns63k9f9any2158qgibi7cgi8v15b.nar.xz
17068;0w52g9adfhvrwbv0y0ph58wfb78qy7q57jvan8p9kgjwwc27x25b.nar.xz
6876;1dbsah0jgpxyz9w1zflzm6l6x994nw17nk0ip96rll6qab2fb2f2.nar.xz
28916;1hj4vxmfps6vl34n73jrawi5636vq72s3czac1ld6b35r68isa0x.nar.xz
1296736;0jv6jyiqbk1nskx3zk2ndvwn9xdpwhr63zaf22zaljag1drggq7g.nar.xz
196;14q71bxy7zqhxwjl8hgv83hii2ssq93g0rdaxfn9b7195skwixzr.nar.xz
44296;0cgj1jb13f1ig54nsaxy4k4p41fziaiscsvi91i13r12jwvlycxa.nar.xz
47924;0s0z6mi2vzylgwfgj61baw7fpfl69zq8n74xkrb060bd7flw09r1.nar.xz
116540;0svjkqgmpalcd8zxa1a00sx9msz3bxy5bhknzhp2qkkvwr3fswdc.nar.xz
1195828;17p0ymh86386y0z8gqqs1y55s4b7nqbiziwb786g02y8c8rrnhgk.nar.xz
2314756;16m90rfk77gbcq5s86pn7x8syqnh25hx0qnq7yyxfqs24z7kv3n4.nar.xz
244024;00pmn30q0mdn0xkn2pr5cdy6gsvibfzxav5q52ai685fv22fj0v9.nar.xz
260320;1zs10b2r9kzmhrbhl5b585y2rvazr0xvsisqq9j5iwr61yrznd7q.nar.xz
2635244;0d9jnpcl57236gd9q3zk7qwxf3ywwfn7ai6a03ajpgndya3siq2i.nar.xz
24880;1bvdvabh2yrrb0slfbqig6k3w83vaipamp82yav6kcmriran3v2j.nar.xz
1107488;035n914ic5vl4p6dg2cp8bzd7lx204zvjg63r76mhbsrhpq7zzfp.nar.xz
135520;1212v5m9lynpi02qhpiggfwzm6rf7ngpw28g6k8cak14wx31zp8c.nar.xz
16960;1srnacxnfksncfnnvxjy6d8dr0jcsksbb8vqskwr1xyylwfr0xvs.nar.xz
151568;1dx3yxp39jds8gj1v0n28qifcaqd120821pw7gg8hyd5mnga1qwp.nar.xz
103204;06i0afalnyx1dcg9i6kn29b2pn4mrgl12yplvcnb35gxr2znbk81.nar.xz
47392;0gpmm4am018jfdpkw9xihnz2iqfq3ixkdh46fcl2m09fly0xy8gs.nar.xz
113964;1km41lfm90cz5a5srvxmdnh9kgykl32bbj6h2z83mhrnxgykvpb5.nar.xz
668;1429gifng5zmbvpw5c9c0331fi91rynyzi0d1p32vijqzmrsqbx6.nar.xz
1000836;1y08mzlsmc1mc7jshr4x5zd07x8hxfiiz73808mcdxg17g4msc2b.nar.xz
1580568;00zpbqv1jpdd2xm34971mmpvmgfgp50nxj60nasngzbz04sxy9gn.nar.xz
160;0d7wsihcqa8lw4azrjrjyi6l7gyaqnm83nv5pz73wvcc3xf0nq53.nar.xz
59016;1a031skn28srypivj0fjq67n8bmv41c7r07p5fg796smkrkgp7bd.nar.xz
320;1pqrckwj15wwn55v8xk5zwx6n52qyf7ickaxd8x2rvqq0q117bgl.nar.xz
328;0ryglpk4iw2g9xip0cqj315fkd1kmmxhpl425cf9lbxpy59xjlyl.nar.xz
560;0x65214vj31vafpnxl8kmp9z1jdkslcy3b1aryr5b7c0mfagfgsk.nar.xz
897680;050p1qbafwsrxb8wjs3kji97b26agrinkrac61200x3ps6nqzmmj.nar.xz
770312;1my5hbrp6369lmq5584hzz2qx4y28hdbwy7ng7i12r527zkd5d9q.nar.xz
100712;008hh6wry5chnfdcqybbqp3j9p37wd92i09y1afy19v2rg9jn6c1.nar.xz
395348;0ddrl7rspgncy7vaimnlr2v51mizr5pl1042dw4jxxpxb72w2xdr.nar.xz
39388;023y07maz3fz5zm5gk096br09nyhah5kdll1xnsfl23pfwgda15w.nar.xz
896612;0arx5rxhzlpysy1p8v7rxj3p332r79lfchh2kg1r39pkf9c9m3wv.nar.xz
1387412;1sd71xvilz95ab68jccwgbv81p974ql3akng4g8llap41pffnbfa.nar.xz
8792984;0lpdph6msfbr5xfjva8vsqcbibf6n1bgcacba8kqp81wx49a9ca7.nar.xz
136368;1ydvz42y5kzqmjc41119z5s4iq0jlmbq4sq7vxaxsizd3c46fysp.nar.xz
220;1mkakxwdqwmyvzbh3c6gkdcdm3ixj1rn77px643m56f6cn3kwbmn.nar.xz
1908;0izxpjhii8di2j38hsvwsw9qq7hkdziaj50j8yfv75p6kv2jv8gn.nar.xz
44452;1j6gh8z4dm6waxximxp4iy0rzag340wjizzlk6kai861arlaxh46.nar.xz
4214848;1gd5bah4y32l6hyz6pbbzia789zcnc3iszz6vbk1rp25ppc5znwg.nar.xz
289408;1fis75j43sbjz1sa096ddr3v2cj3l9bb3mvb3gk8sfgkr3avgqcz.nar.xz
668628;1x315d874j0p117jvgna7fjygxm3y4xsjdbk7qgqsls6w32hpm9f.nar.xz
9820;0pnw0gnf5l6cp419wk6lx3ls1l2wmbnpbj9v2v3dd4f9xkq83b74.nar.xz
6440;0xq12fir2cdiy04z0z6hx0fvamf2h4fcwbxrgm89ihqbbf7mhmcz.nar.xz
21684;0qnpnnddsbh2ni5xphx0hwaa6rmd77rql8c1ls20fal740zmp6vl.nar.xz
97092;06s0rr1agxns1vwax7p1dlv2vj0b6ckknhfns9m6p89v80l3c49j.nar.xz
64872;15hk4awkmq7ax2h2ihf9qlfmxfm609j6x8l0abkc34ahq51ywf7s.nar.xz
40308;0aqp1d5f2xjhy8cxqixpfks3frdb9301zvyfp8y07ckv237w4fqp.nar.xz
49016;0ji9xkhgxznxs1j7iqnyjm06g14b6fcq0splpv4gwa0kp7hcpl8q.nar.xz
67292;13rahgkdxqprkgvmf1mw9cpjffykmfwghzllqxqr87py7crkb9z5.nar.xz
43652;0y4lfkxrvxskqs630zxknd5g5vmzz8m2dca2wzmnl9w2fwbmdxgi.nar.xz
18392;0sb44sfjsc9k0ahg3cna5sjl010m18lkk6pkxr2plz1m0d9l5r0b.nar.xz
29801300;1mkvzszlrl7g94zrncy4jl7f87j73gjkibg3sq3j60fvfi81nbpv.nar.xz
173224;0gfra6jg3bb7nar4hhpsyg0b9ww3xfs8g2jaqrgnv7fdl8fwgzzi.nar.xz
111120;08983v4n7bip02fvrs78s2nq11fm643zimg6cg32811i7gbih0lw.nar.xz
79928;18pbh2pqyqb6rcfjjkn37dimgz0l912f9gjn6f13c57yipz3q2aa.nar.xz
612880;15yzjq14295n1bkbdikk43jl8aar2lm70cydwp4157s8d6bs17n6.nar.xz
14336;0qr3m7l0qpvi8pb2086i2ihsxlh4qnk649cyfssawfkyjbs5g9ff.nar.xz
588;199kpklz4xwv7l4n969xcmmi95wq3nzzk57fp6h1yca8k439sybm.nar.xz
384264;0s1kzswnfklsgsl1ywpn0k890gz37r119sh9qvv13ylaaj1cyjhg.nar.xz
5729892;1ng0plgyjanadfqq8wyh65rwnmq9qhna49v0rkmjmvwck9zd8adf.nar.xz
113056;0na73v5ljkdy6a9vbfbwcq7x0m7y7wpfg7ylkjx3pjns0yr0a3g1.nar.xz
426872;1kn253qylsb2vr3gylr900x6mr14x9ja4jhsjc14d5gl07zqwij6.nar.xz
581212;17n34i0d8kkvsg64pk9bszzr82bssqn9b8m3dpzd9ahvy7wrpany.nar.xz
199908;194g0hw2awhlwzk41pxcsycnsbjxg90xs9llm8q75z2l7266w4jf.nar.xz
29916;1x1b6hwba0lzpwvlln3r863jvfzakjbzdwfakrmgp6aviminb94a.nar.xz
466364;0x208py4cv1j7mzvhmxw0hwnzg3xmn7v9kpqbn4f9b4pnb1i5rw7.nar.xz
34072;18rj8mrjx212v53s74ywawkncyhs4gjwsgjss0y6kdrmpgaj7cj1.nar.xz
449180;0lwvs3ip04x211bjnhsvg9arwgf46xb8ifvdrd3f5aaf75ksy9iz.nar.xz
158852;0cmmq3l18z53dq2q1hlpbw83d0dxa1yykx1aw5cqh6w7bf6491n5.nar.xz
12996;1548s9lah8az06q8ml9k9yxnngd5h3dfm47dd9jwlkah43fpml90.nar.xz
75404;1br7rlwzbpk7rvz88f9lrf8hqjl19rjm8pcxdfgiknn5x9mavn39.nar.xz
62852;14klvdzkw7cgfwc0v3l5znqz2sw23n1s1qpsnkf6q8gfn7lvs29j.nar.xz
904556;1rmfpj59whmj1y4kh3g30f3smjg34l8nwb1i5i027fqhcvgwcif0.nar.xz
1368;072frl92jik3g80pidvaighg0kafba3f2fxhl9ii5ycqyp7wmixg.nar.xz
388980;0a7qnlh3s9s85j9p1bzll4dcsn99q0l9kj42yjwb4wg28ndiwyqr.nar.xz
311416;1gm828y0zbfgblcz4pq3h6d94gqj5i499p6n4skywyjh22i3iizc.nar.xz
187212;0bmcr671g6xr1jzwrvsn69l3x5kyqa7z0pfhqdkgi7fkhgbgdn12.nar.xz
272368;109600bfrpxbwkkrnn03l5fbk10ijd028l9adz2kc5yr1s6qlq62.nar.xz
445552;0j0hif4wxsk3jjq6n183ylxp8i1wap73l3pgmx4gimicaiql9y89.nar.xz
34820;05r9bmabjdr1achxaa55088inr9pw2z2z9lnwvwchjkh58bi6wzr.nar.xz
19560;19ggsq1xlyyz3jccnvksh7pqa1vin644cicin2azl25xc4g1kyl8.nar.xz
491120;1x9h3wzyzdfphp4d8whhaqw7mkss6phcd624jfmch9nx0m7rqsqh.nar.xz
444640;0vjgdliaplmdqncy6wmrh7lxmm1h7f1hf8s2402j4jpi3gnh2lxv.nar.xz
70720;0y4rf929hp0r0c9w5hjk92dys0ppg64zcb5h9lxhd4hqxhim0hwk.nar.xz
47616;01qg3bx3mz5nb25ilhy06sx4nlb0vs58zcnzp519zldgllgqriqg.nar.xz
16252;07pmgrzwxfrb381nlzmqacl0vbgsc3xhbnyfjg7sizmdmc5d3fc4.nar.xz
10428;1f6181v7c21y8825n7i17m442dq5v26rj77c1gz7fpfbm60zlbgr.nar.xz
276980;1ypk1gs9cbslhdpawddly5a1hygp9ykf3vgabz8dpdpwwaxxlxav.nar.xz
817044;081qabaqs599q58c94xgbzw2bz7mv76rg1mv7qlqs66hpnyc0x2x.nar.xz
480368;0h704zpq5hb6a7k2r2qbkmw2kdvyap6qgf56js9pp0w3s1yfrn85.nar.xz
40524;1vs0sg6l2yx3990vq64vd04m674rhb8wpc0id20jz6svdkc27kcx.nar.xz
50936;1ckmvf4cy9ri0yn87n8r5brna3zxml24d2z12ql86lfidrkhca0x.nar.xz
146348;0m0yc5j5xmmvlh3v1vi9j9h7h8cm848vymxhbzmsibdqrx9wwlnc.nar.xz
2535936;00jwfb8ywj0qhpgisxfwyz73akrkril6m35gqw0gvjibv9fkbvcr.nar.xz
17216;0c83hxxd6skv3k6mw0vqyffrl9dmxsmf6wsk3sdal3jfd42hdc5n.nar.xz
104440;0hm12571d77jg1y080hw5raql9mlx46rjq0bfnsb4dkv3w4qzcp1.nar.xz
42108;04y4g08pl1m23ga6a8v01zb8s8wnnab7nxdk0k2brhxzm995jw46.nar.xz
74752;0dw01in0afkj48bbbbw1d8q970k3hxz7fmc5x991gsp8sm6f2zbq.nar.xz
1045904;1a6f5lp4rm2w2jk5cc4hxdhiw9g8m5lspnwf8yjzmnc6lf1bmcf9.nar.xz
138804;1hkaz27qpjlcv279yxg5kirsay3rf42b65swhn6djrqcsyydcs89.nar.xz
474852;1wnbz8fwwbrd9mgylx0arxkdsg6hj0zsixsxig8bpby8v0zxz2ha.nar.xz
912336;1lpi2qkfjnw1mzcy204mz9ix336ncpc1l836027kqdkpb3d5mfv6.nar.xz
530248;1h0fcqbr310vd8rkqyvphknd13mfcl43v1hhc3ilsj985kc9i70f.nar.xz
654520;04sc4lkhciqcxlx2ydlkw20myfx1jkz43njnsvkyv1yfppmq0x9z.nar.xz
428000;0km0iq90r5nj7mb0rcnkh5nl9as3qclknj47h4qczqvysr7jrwkp.nar.xz
40296;0bl1c56yjlfnwxbbmgrw5b5yimrdmsrcbj0y2dyf2iy54nvi1z71.nar.xz
1076800;09ffzi2c1pwslzsgnhj58bizaji0hnxdq1r45sfi9m7y5xl67jsk.nar.xz
276600;02sa6rwwqzixarqb16c23mxqcqlgfj3xm1pydhz283c5cplk94ks.nar.xz
90200;1kddhfd3k2120lm75pkkc3yyh1r72acazjcmhxmd1x0yhfawwx30.nar.xz
747968;1rqqmmf12qai54n15z21pp55aqa0swa97mvmik1avgn4wxizq0lw.nar.xz
43176;1jjcsbfp5fdc9nami207zpbmiyw73ygq7mfblszmfvlci1ssxpbl.nar.xz
128168;0p4l6h95waf3b3mv3b3inxsjmdada0z47g2rdy2pdqnnyqc3jdaf.nar.xz
96100;1r14mkbrl12cpczfn7gy540hq2hrp08s5k860694f8sc9zs6r5mj.nar.xz
373668;0bzbmik15gdn518gk8gfxywqyavqljb5qslmq5kvxc0vqpz37can.nar.xz
203504;1n699wqz5fkswjgdaii74hzx88p70lh0skygvv1455j71xll7l52.nar.xz
167648;1vf2rdf32x9swlw6qr0mlhya68ygfv94q8d3ay7rh2w05lqfyjil.nar.xz
1394132;0si61lg5l6l0218fkffnhl2n1wqi79pd993fgdz87rz1f31nzxjz.nar.xz
51504;07aidcvzpsdr8gazmn3m43h4h2xl7v5g8vd02m4by2pd9wn1zyj8.nar.xz
19536;16fdki6vj568vxjqjn5l9d51fzwshyqvlrmg5zsw7ghbcwchkjxf.nar.xz
28340;0b8zhbljkf0j72shxqw2pmfjjrpqir9hckkgfw341xw3a4clc6nl.nar.xz
272356;0cgggb493vr9nrsmlhi2vhqs59q97i6l8ymm0pj7h3zqlahax3sh.nar.xz
307584;01hcdxksivcjardb32zzyfn4sl41d5i82jxckl9hcc8cg5jfwhpg.nar.xz
648348;1gk5ds6k8m52dfvzla04h8vxi5g7zw5wvgh5qmkfxgsi9sbbchr9.nar.xz
8112;10819cbpfhi65fd7c3rjq2jyxlp2zsy7hrp2aaqaq2zk8j1dsxki.nar.xz
427288;0kdfvzl23rzac6i9hygadd76j2zqap26a6lnzaf3yzh2m3wdclzb.nar.xz
68020;0n3rb18ixr3vmlrjs2zzn7lh852sb4w0byrva1pmd9f4adq210kv.nar.xz
101780;0smpm7lshavp8qwycwzpj4hznjfhp75ggfiak1p1v7dhjk5yw0ld.nar.xz
1398376;1g2gm5xj25c64n0pp90lwlzgg6sfwn5ycfg5sysr08waq4yiswi5.nar.xz
53368;1cbr3cpi06jj2h5wrq0cdil00q2rymwljs0f75d9nycvpr4g4j2k.nar.xz
128364;18cg7525lmbw225d5pdqdr7iyw5bv839cb8rg1ayp14lhr15vai3.nar.xz
11500668;07nz6ipw4cnzsrf3h7bi481w2046838vbmx83vkjgxzyl5y6w3pk.nar.xz
169212;1m7gry5ng74xdc1bl17283qc5vnb71rii2c4lmghrvm56r18nggq.nar.xz
682448;1byrg8hmyg7v2ff44mzmxpibrividgycgb0f37qrv5p3s5h09kda.nar.xz
23020;06z2s0s9qc763s0dsiq8j7g2j8ipvcdw6p85bfln099h0wn2zyl8.nar.xz
14760;156wgnwmhqjkfa9qdrpiml3avm7ci1scw7m4fwxagv5cq5850bvw.nar.xz
6533132;0bhvkd1x0vpk1h2gg9g7x652xqa3pgj6bd7hk08yfprbq65p6iq3.nar.xz
63228;01h6v6nzqbqz95qkilfjjggzd4h9a9szqs9l2nfpdzfc3bhf0kpv.nar.xz
372324;0h13lz8w0n6yj4ma0647kigr0m4cxcl6xxc8nik7fjd87jia3rld.nar.xz
424;0ll5xsrprmi8w94m13qb7rjiw1r0h3paz8mv5952l2f4mgffrds2.nar.xz
